the; 345
of; 221
to; 189
a; 184
or; 146
you; 128
license; 102
work; 95
and; 93
that; 91
for; 86
this; 86
in; 81
is; 70
it; 52
any; 50
not; 50
if; 49
program; 47
with; 45
under; 44
by; 43
covered; 41
source; 40
as; 38
your; 34
code; 34
terms; 32
may; 31
on; 31
other; 30
copyright; 29
be; 29
from; 29
are; 28
software; 27
convey; 26
an; 26
version; 25
copy; 25
public; 25
use; 24
patent; 23
corresponding; 23
object; 21
product; 21
all; 21
such; 21
general; 21
which; 21
gnu; 19
rights; 19
means; 18
free; 18
no; 17
do; 16
but; 16
section; 15
user; 15
conveying; 15
warranty; 15
have; 14
copies; 14
must; 14
those; 14
additional; 14
make; 14
conditions; 14
apply; 14
versions; 14
provided; 13
modified; 13
material; 13
can; 13
modify; 12
does; 12
used; 12
works; 12
notices; 11
legal; 11
party; 11
form; 11
so; 11
these; 10
its; 10
law; 10
each; 10
holder; 10
particular; 10
part; 10
permission; 10
permissions; 10
applicable; 9
either; 9
has; 9
propagate; 9
third; 9
available; 9
appropriate; 8
information; 8
making; 8
including; 8
receive; 8
run; 8
freedom; 8
who; 8
further; 8
offer; 8
at; 8
charge; 8
notice; 8
them; 8
received; 8
only; 8
network; 8
will; 8
without; 7
would; 7
b; 7
gpl; 7
interface; 7
new; 7
liability; 7
recipients; 7
parties; 7
way; 7
when; 7
more; 7
also; 7
some; 7
transaction; 7
granted; 7
we; 7
contributor; 7
c; 6
licenses; 6
users; 6
medium; 6
give; 6
otherwise; 6
their; 6
designed; 6
extent; 6
been; 6
how; 6
parts; 6
however; 6
patents; 6
physical; 6
control; 6
they; 6
based; 6
programs; 6
access; 6
one; 6
reasonable; 6
modification; 6
foundation; 6
include; 6
should; 6
require; 5
example; 5
same; 5
component; 5
need; 5
system; 5
authors; 5
whether; 5
shall; 5
violation; 5
requirement; 5
permitted; 5
where; 5
distribute; 5
and/or; 5
provide; 5
major; 5
most; 5
along; 5
requirements; 5
later; 5
grant; 5
server; 5
change; 5
regardless; 5
into; 5
unless; 5
stated; 5
distribution; 5
place; 5
d; 4
copying; 4
add; 4
claims; 4
therefore; 4
special; 4
entire; 4
install; 4
valid; 4
requiring; 4
accord; 4
using; 4
automatically; 4
implied; 4
through; 4
anything; 4
what; 4
recipient; 4
time; 4
interactive; 4
required; 4
certain; 4
fee; 4
licensors; 4
term; 4
propagation; 4
acceptance; 4
than; 4
different; 4
includes; 4
permanently; 4
`show; 4
then; 4
except; 4
obligations; 4
written; 4
price; 4
connection; 4
anyone; 4
get; 4
installation; 4
files; 4
circumvention; 4
stating; 4
allowed; 3
agreement; 3
licensed; 3
standard; 3
nonpermissive; 3
others; 3
there; 3
permit; 3
called; 3
restriction; 3
consequence; 3
manner; 3
running; 3
specific; 3
activities; 3
separately; 3
want; 3
document; 3
predecessor; 3
technological; 3
remains; 3
given; 3
impose; 3
interfaces; 3
infringed; 3
libraries; 3
measures; 3
specifically; 3
limiting; 3
redistribute; 3
exercise; 3
protect; 3
governed; 3
possession; 3
solely; 3
affero; 3
refers; 3
keep; 3
option; 3
interaction; 3
uses; 3
equivalent; 3
sure; 3
see; 3
disclaimer; 3
right; 3
executable; 3
essential; 3
added; 3
prior; 3
grants; 3
program's; 3
output; 3
resulting; 3
accompanied; 3
users'; 3
contributor's; 3
products; 3
library; 3
modifications; 3
could; 3
arrangement; 3
problems; 3
included; 3
consumer; 3
infringement; 3
above; 3
unmodified; 3
receives; 3
reinstated; 3
prominent; 3
long; 3
country; 3
verbatim; 3
details; 3
commands; 3
sections; 3
support; 3
installed; 3
needed; 3
proprietary; 3
whole; 3
intact; 3
following; 3
damages; 3
cannot; 3
data; 3
published; 3
provision; 3
purposes; 3
purpose; 3
conveyed; 3
aggregate; 3
satisfy; 3
follow; 3
thus; 2
contains; 2
prohibiting; 2
applies; 2
least; 2
after; 2
contractual; 2
e; 2
sale; 2
days; 2
combined; 2
wish; 2
transmission; 2
fitness; 2
surrender; 2
nonsource; 2
list; 2
respect; 2
useful; 2
choose; 2
remove; 2
prevent; 2
service; 2
occurs; 2
number; 2
order; 2
protecting; 2
similar; 2
nothing; 2
even; 2
subsection; 2
against; 2
kinds; 2
protection; 2
local; 2
too; 2
holders; 2
share; 2
relicensing; 2
author>; 2
produce; 2
names; 2
future; 2
entity; 2
knowingly; 2
prohibit; 2
imposed; 2
modifies; 2
mode; 2
earlier; 2
everyone; 2
domains; 2
cause; 2
<year>; 2
performing; 2
merchantability; 2
compilation; 2
liable; 2
interchange; 2
warranties; 2
offering; 2
infringe; 2
giving; 2
attach; 2
modifying; 2
individuals; 2
continue; 2
acquired; 2
work's; 2
termination; 2
fixed; 2
selling; 2
show; 2
durable; 2
statement; 2
effectively; 2
notwithstanding; 2
developers; 2
three; 2
case; 2
laws; 2
having; 2
authorizes; 2
customarily; 2
explicitly; 2
portion; 2
licensees; 2
computer; 2
ways; 2
display; 2
consistent; 2
organization; 2
assumptions; 2
responsibilities; 2
marked; 2
kind; 2
discriminatory; 2
exceptions; 2
both; 2
limitation; 2
forbid; 2
original; 2
organizations; 2
c'; 2
personal; 2
extend; 2
comes; 2
language; 2
finally; 2
publicly; 2
carry; 2
publish; 2
practice; 2
royalty; 2
made; 2
being; 2
supplement; 2
exclusively; 2
paragraph; 2
enforcing; 2
<https//wwwgnuorg/licenses/>; 2
file; 2
within; 2
facilities; 2
find; 2
limit; 2
directly; 2
communication; 2
author; 2
restrictions; 2
relevant; 2
authors'; 2
generalpurpose; 2
relying; 2
released; 2
numbered; 2
accept; 2
conveys; 2
gratis; 2
necessary; 2
single; 2
subprograms; 2
operation; 2
express; 2
w'; 2
ensure; 2
know; 2
interest; 2
definition; 2
coverage; 2
cases; 2
previous; 2
displays; 2
type; 2
substantially; 2
terminate; 2
embodied; 2
specifies; 2
<name; 2
our; 2
specified; 2
writing; 2
downstream; 2
first; 2
arrange; 2
individual; 2
commitment; 2
enforce; 2
line; 2
cost; 2
limited; 2
implementation; 2
revised; 2
peertopeer; 2
normally; 2
; 1
recognized; 1
because; 1
sake; 1
definitions; 1
packaged; 1
copyrightlike; 1
devices; 1
standards; 1
extensions; 1
permits; 1
detail; 1
accessible; 1
criterion; 1
independent; 1
achieve; 1
suffice; 1
result; 1
procedures; 1
anticircumvention; 1
misrepresentation; 1
computers; 1
agreed; 1
linked; 1
resolved; 1
address; 1
licensee; 1
kernel; 1
unlimited; 1
wipo; 1
f; 1
nonconsumer; 1
ancillary; 1
adopted; 1
royaltyfree; 1
parties'; 1
official; 1
excluding; 1
implement; 1
protocols; 1
area; 1
article; 1
volume; 1
private; 1
applied; 1
semiconductor; 1
precisely; 1
responsible; 1
scope; 1
end; 1
compiler; 1
fails; 1
trademarks; 1
denominated; 1
occurring; 1
well; 1
family; 1
considered; 1
changing; 1
prohibits; 1
years; 1
property; 1
flow; 1
contradict; 1
programmer; 1
specify; 1
distributed; 1
masks; 1
crossclaim; 1
ever; 1
pertinent; 1
gui; 1
larger; 1
aim; 1
exclusion; 1
restrict; 1
manufacturer; 1
does>; 1
indicating; 1
restricting; 1
electronic; 1
speak; 1
attributed; 1
spirit; 1
regard; 1
retains; 1
alleging; 1
body; 1
proxy's; 1
losses; 1
sustained; 1
defective; 1
employer; 1
qualify; 1
separable; 1
circumstances; 1
void; 1
read; 1
below; 1
already; 1
constitutes; 1
nonexercise; 1
were; 1
compilations; 1
basic; 1
collect; 1
developers'; 1
machinereadable; 1
effective; 1
rom; 1
intended; 1
working; 1
saying; 1
render; 1
possibility; 1
direction; 1
unnecessary; 1
automatic; 1
doubtful; 1
industrial; 1
until; 1
forms; 1
reason; 1
maintain; 1
incidental; 1
password; 1
differently; 1
refrain; 1
lesser; 1
state; 1
secondarily; 1
welcome; 1
defined; 1
displayed; 1
merging; 1
hosts; 1
remain; 1
containing; 1
expected; 1
<program>; 1
countries; 1
rendered; 1
actions; 1
guarantee; 1
two; 1
incompatible; 1
found; 1
copyrightable; 1
excuse; 1
prevented; 1
disclaiming; 1
gives; 1
intimate; 1
entirely; 1
absolute; 1
fashion; 1
incorporation; 1
had; 1
others'; 1
initiate; 1
view; 1
school; 1
things; 1
yourself; 1
starts; 1
results; 1
actual; 1
might; 1
adapt; 1
widely; 1
significant; 1
develop; 1
whatever; 1
measure; 1
name; 1
receipt; 1
assume; 1
full; 1
next; 1
away; 1
import; 1
asking; 1
absence; 1
updates; 1
exercising; 1
nor; 1
denying; 1
construed; 1
trademark; 1
incorporating; 1
appropriately; 1
was; 1
start; 1
advised; 1
typical; 1
short; 1
risk; 1
window; 1
applications; 1
decide; 1
excluded; 1
authorized; 1
options; 1
payment; 1
deprive; 1
counterclaim; 1
item; 1
meets; 1
deemed; 1
dynamically; 1
sublicensing; 1
consequential; 1
regenerate; 1
approximates; 1
requires; 1
methods; 1
pattern; 1
recipient's; 1
receiving; 1
occasionally; 1
licensing; 1
enables; 1
survive; 1
inaccurate; 1
waive; 1
indemnification; 1
distinguishing; 1
constantly; 1
worldwide; 1
consider; 1
unpacking; 1
combination; 1
visible; 1
format; 1
transfer; 1
outside; 1
effect; 1
absolutely; 1
correction; 1
declining; 1
affirmed; 1
scripts; 1
noncommercially; 1
comply; 1
nonexclusive; 1
hereafter; 1
alternative; 1
clear; 1
affirms; 1
invalidate; 1
terminal; 1
differ; 1
favor; 1
fulfilling; 1
neither; 1
determining; 1
denied; 1
customer; 1
assures; 1
executing; 1
sublicenses; 1
assumption; 1
<https//wwwgnuorg/licenses/whynotlgplhtml>; 1
knowledge; 1
pass; 1
disclaim; 1
nonfree; 1
court; 1
whose; 1
proxy; 1
violates; 1
interpretation; 1
simultaneously; 1
compilation's; 1
abuse; 1
prove; 1
choosing; 1
offered; 1
civil; 1
whom; 1
indicate; 1
spare; 1
contain; 1
business; 1
entered; 1
possible; 1
march; 1
obligated; 1
tells; 1
june; 1
meet; 1
represent; 1
transferred; 1
designated; 1
contact; 1
programming; 1
interfered; 1
defenses; 1
take; 1
<one; 1
attributions; 1
origin; 1
content; 1
primarily; 1
states; 1
transferring; 1
propagating; 1
class; 1
sole; 1
sold; 1
practical; 1
unacceptable; 1
affects; 1
reviewing; 1
packaging; 1
concerns; 1
tangible; 1
perpetuity; 1
although; 1
owned; 1
avoid; 1
waiver; 1
presents; 1
subdividing; 1
peers; 1
paragraphs; 1
hope; 1
attempt; 1
authorization; 1
context; 1
model; 1
copyleft; 1
accompanies; 1
adversely; 1
procuring; 1
physically; 1
operate; 1
contents; 1
contrast; 1
status; 1
serves; 1
operated; 1
notify; 1
december; 1
ability; 1
stand; 1
characterized; 1
expressly; 1
systematic; 1
marks; 1
menu; 1
generally; 1
likewise; 1
irrevocable; 1
authorizing; 1
return; 1
mail; 1
subject; 1
pursuant; 1
sign; 1
subroutine; 1
importing; 1
copyrighted; 1
documented; 1
claim; 1
expressed; 1
combine; 1
steps; 1
plus; 1
convenient; 1
directions; 1
possesses; 1
present; 1
programto; 1
keys; 1
best; 1
box; 1
storage; 1
preservation; 1
met; 1
brief; 1
nature; 1
concerning; 1
mere; 1
preamble; 1
inform; 1
readily; 1
about; 1
dwelling; 1
cure; 1
danger; 1
behalf; 1
conveyance; 1
meaning; 1
deny; 1
pointer; 1
closely; 1
interpreter; 1
substantial; 1
execute; 1
party's; 1
benefit; 1
intention; 1
quality; 1
shared; 1
sue; 1
activity; 1
believe; 1
extended; 1
pieces; 1
referring; 1
covenant; 1
obligate; 1
identifiable; 1
supports; 1
operating; 1
relationship; 1
preferred; 1
key; 1
servicing; 1
though; 1
makes; 1
threatened; 1
actually; 1
controlled; 1
associated; 1
cessation; 1
household; 1
materially; 1
conspicuously; 1
commercial; 1
separate; 1
rules; 1
inside; 1
generate; 1
treated; 1
please; 1
effected; 1
failure; 1
hypothetical; 1
<https//fsforg/>; 1
changed; 1
allow; 1
lawsuit; 1
idea; 1
expects; 1
fundamentally; 1
common; 1
every; 1
normal; 1
reading; 1
functioning; 1
provisionally; 1
litigation; 1
removal; 1
conditioned; 1
erroneously; 1
courts; 1
fair; 1
beyond; 1
loss; 1
enable; 1
between; 1
inability; 1
arising; 1
arise; 1
linking; 1
agree; 1
itself; 1
among; 1
exact; 1
force; 1
tools; 1
out; 1
across; 1
feature; 1
assert; 1
moreover; 1
course; 1
precise; 1
power; 1
explains; 1
event; 1
prominently; 1
sell; 1
continued; 1
safest; 1
cease; 1
runs; 1
date; 1
own; 1
freedoms; 1
clearly; 1
assets; 1
distributing; 1
publicity; 1
development; 1
like; 1
efforts; 1
addressed; 1
permissive; 1
repair; 1
link; 1
according; 1
terminates; 1
inclusion; 1
paper; 1
ready; 1
notifies; 1
acknowledges; 1
terminated; 1
inc; 1
greatest; 1
instead; 1
trade; 1
performance; 1
compliance; 1
treaty; 1
